,City,Country,Date,Latitude,Longitude,Cloudiness (%),Humidity (%),Max Temp (F),Wind Speed (mph)
0,ulladulla,AU,2022-08-24 15:10:27,-35.35,150.4667,71,68,50.03599999999997,2.79
1,tiksi,RU,2022-08-24 15:10:27,71.6872,128.8694,50,82,41.99000000000002,2.67
2,saskylakh,RU,2022-08-24 15:10:28,71.9167,114.0833,100,67,43.75399999999995,5.17
3,saint george,US,2022-08-24 15:10:28,37.1041,-113.5841,0,19,103.69399999999997,5.14
4,sawakin,SD,2022-08-24 15:10:29,19.1059,37.3321,79,59,89.834,1.78
5,pacific grove,US,2022-08-24 15:10:29,36.6177,-121.9166,0,82,77.50399999999996,4.63
6,rikitea,PF,2022-08-24 15:10:30,-23.1203,-134.9692,100,68,69.70999999999998,7.2
7,gat,IL,2022-08-24 15:08:21,31.61,34.7642,0,69,81.66199999999995,3.91
8,meyungs,,,,,,,,
9,marsa matruh,EG,2022-08-24 15:10:31,31.3525,27.2453,0,67,78.98000000000005,3.92
10,jamestown,US,2022-08-24 15:09:57,42.097,-79.2353,0,58,80.29399999999998,4.12
11,new norfolk,AU,2022-08-24 15:10:31,-42.7826,147.0587,95,83,51.188000000000045,1.11
12,hobart,AU,2022-08-24 15:07:00,-42.8794,147.3294,20,85,51.530000000000044,1.03
13,khuzhir,RU,2022-08-24 15:10:32,53.1939,107.3397,100,80,48.398000000000025,4.76
14,antofagasta,CL,2022-08-24 15:08:31,-23.65,-70.4,33,78,56.75,3.52
15,duyun,CN,2022-08-24 15:10:33,26.2667,107.5167,99,93,71.41999999999996,1.59
16,khatanga,RU,2022-08-24 15:10:33,71.9667,102.5,100,90,46.20199999999998,5.93
17,vila,PT,2022-08-24 15:10:34,42.0304,-8.1588,16,81,64.976,1.77
18,hunchun,CN,2022-08-24 15:10:35,42.8675,130.3581,0,85,59.66600000000001,1.05
19,mataura,NZ,2022-08-24 15:10:35,-46.1927,168.8643,100,65,39.74000000000002,0.94
20,neiafu,TO,2022-08-24 15:10:36,-18.65,-173.9833,40,73,79.75399999999996,4.12
21,hofn,IS,2022-08-24 15:10:36,64.2539,-15.2082,85,86,50.99000000000002,3.65
22,mount isa,AU,2022-08-24 15:10:37,-20.7333,139.5,0,30,51.83599999999997,4.63
23,souillac,MU,2022-08-24 15:10:37,-20.5167,57.5167,20,64,70.44800000000004,5.14
24,guerrero negro,MX,2022-08-24 15:10:38,27.9769,-114.0611,65,53,85.44200000000001,6.49
25,port elizabeth,ZA,2022-08-24 15:10:39,-33.918,25.5701,3,33,72.35600000000002,3.34
26,albany,US,2022-08-24 15:02:37,42.6001,-73.9662,71,56,83.31799999999998,3.5
27,punta arenas,CL,2022-08-24 15:10:40,-53.15,-70.9167,20,60,42.38599999999997,13.89
28,provideniya,RU,2022-08-24 15:10:40,64.3833,-173.3,100,93,44.977999999999966,5
29,yueyang,CN,2022-08-24 15:10:41,29.3333,113.0919,29,89,76.74800000000002,3.1
30,bengkalis,,,,,,,,
31,waitati,NZ,2022-08-24 15:10:42,-45.75,170.5667,100,52,52.069999999999965,4.15
32,ushuaia,AR,2022-08-24 15:10:42,-54.8,-68.3,20,45,40.92799999999996,4.63
33,vaini,TO,2022-08-24 15:10:43,-21.2,-175.2,20,78,79.23200000000003,4.63
34,jardim,BR,2022-08-24 15:10:43,-21.4803,-56.1381,82,40,78.78200000000001,1.19
35,kapaa,US,2022-08-24 15:10:08,22.0752,-159.319,0,69,86.35999999999999,4.12
36,nioro,GM,2022-08-24 15:10:44,13.35,-15.75,100,87,74.67799999999997,0.61
37,batavia,US,2022-08-24 15:07:30,41.85,-88.3126,20,51,86.07200000000003,4.63
38,longyearbyen,SJ,2022-08-24 15:10:45,78.2186,15.6401,75,81,42.908,4.63
39,port lincoln,AU,2022-08-24 15:10:46,-34.7333,135.8667,100,89,53.99600000000005,2.73
40,atuona,PF,2022-08-24 15:10:46,-9.8,-139.0333,85,70,77.26999999999995,4.65
41,ahipara,NZ,2022-08-24 15:10:47,-35.1667,173.1667,100,95,59.88200000000002,9.05
42,okato,NZ,2022-08-24 15:10:48,-39.2,173.8833,100,78,48.95600000000003,5.05
43,ribeira grande,PT,2022-08-24 15:10:48,38.5167,-28.7,80,75,74.04800000000003,1.86
44,hami,CN,2022-08-24 15:10:49,42.8,93.45,82,16,71.47400000000002,0.77
45,taolanaro,,,,,,,,
46,bambous virieux,MU,2022-08-24 15:10:49,-20.3428,57.7575,20,64,70.32200000000003,5.14
47,carnarvon,AU,2022-08-24 15:10:50,-24.8667,113.6333,3,34,65.78599999999997,3.89
48,tarazona,ES,2022-08-24 15:10:50,41.9,-1.7333,100,75,69.89000000000001,1.4
49,bluff,NZ,2022-08-24 15:10:51,-46.6,168.3333,55,70,40.064000000000036,2.63
50,henties bay,NA,2022-08-24 15:10:51,-22.116,14.2845,16,95,54.788000000000046,2.88
51,hay river,CA,2022-08-24 15:10:52,60.8156,-115.7999,19,59,71.40199999999999,4.28
52,cape town,ZA,2022-08-24 15:05:17,-33.9258,18.4232,100,79,60.656000000000034,5.36
53,arraial do cabo,BR,2022-08-24 15:10:53,-22.9661,-42.0278,90,88,65.76799999999999,8.24
54,mazagao,BR,2022-08-24 15:10:53,-0.115,-51.2894,44,77,84.52400000000002,3.37
55,chuy,UY,2022-08-24 15:10:53,-33.6971,-53.4616,51,91,58.02799999999996,1.82
56,mar del plata,AR,2022-08-24 15:09:17,-38.0023,-57.5575,0,81,60.36799999999998,2.06
57,verkhnetulomskiy,RU,2022-08-24 15:10:54,68.6073,31.7962,56,83,44.99600000000005,1.63
58,vardo,NO,2022-08-24 15:10:55,70.3705,31.1107,96,82,52.05199999999998,6.69
59,dharchula,IN,2022-08-24 15:10:55,29.85,80.5333,100,93,71.708,0.71
60,ustyuzhna,RU,2022-08-24 15:10:56,58.8394,36.4321,11,54,65.39000000000001,2.59
61,hilo,US,2022-08-24 15:08:56,19.7297,-155.09,100,76,88.55600000000004,4.63
62,bengkulu,ID,2022-08-24 15:10:57,-3.8004,102.2655,65,90,73.79600000000005,2.03
63,faanui,PF,2022-08-24 15:10:57,-16.4833,-151.75,4,79,76.65800000000002,5.25
64,deputatskiy,RU,2022-08-24 15:10:58,69.3,139.9,100,75,40.693999999999974,1.31
65,vila franca do campo,PT,2022-08-24 15:10:58,37.7167,-25.4333,100,79,75.46999999999997,2.28
66,yirol,,,,,,,,
67,east london,ZA,2022-08-24 15:10:54,-33.0153,27.9116,1,32,76.62200000000004,5.27
68,alofi,NU,2022-08-24 15:10:59,-19.0595,-169.9187,9,75,76.316,6.3
69,linden,GY,2022-08-24 15:11:00,6,-58.3,100,93,76.02799999999996,1.35
70,saint-augustin,CA,2022-08-24 15:11:00,51.226,-58.6502,99,87,63.5,3.42
71,busselton,AU,2022-08-24 15:11:01,-33.65,115.3333,98,66,52.34000000000002,3.38
72,hermanus,ZA,2022-08-24 15:11:01,-34.4187,19.2345,4,81,60.08000000000004,8.15
73,larap,PH,2022-08-24 15:11:02,14.299,122.6504,56,89,77.46799999999999,1.59
74,moerai,PF,2022-08-24 15:11:02,-22.4333,-151.3333,100,73,71.16799999999998,10.55
75,klaksvik,FO,2022-08-24 15:11:03,62.2266,-6.589,80,97,52.98800000000004,6.28
76,san andres,CO,2022-08-24 15:11:03,12.5847,-81.7006,40,78,82.68800000000005,2.06
77,pangnirtung,CA,2022-08-24 15:11:04,66.1451,-65.7125,100,88,44.258,1.74
78,yellowknife,CA,2022-08-24 15:08:15,62.456,-114.3525,63,51,69.96199999999996,3.19
79,corinto,GR,2022-08-24 15:11:05,37.9407,22.9573,82,75,72.15800000000002,2.1
80,verkhoyansk,RU,2022-08-24 15:11:05,67.5447,133.385,100,80,46.77799999999996,2.24
81,mangrol,IN,2022-08-24 15:09:12,21.1167,70.1167,93,84,80.58200000000002,7.33
82,valparaiso,CL,2022-08-24 15:07:32,-33.0393,-71.6273,0,82,61.30399999999995,5.14
83,kochubey,RU,2022-08-24 15:11:06,44.3861,46.5825,0,55,76.08200000000002,9.37
84,ancud,CL,2022-08-24 15:07:34,-41.8697,-73.8203,100,75,45.5,2.85
85,avarua,CK,2022-08-24 15:11:07,-21.2078,-159.775,40,69,77.32400000000001,6.69
86,bredasdorp,ZA,2022-08-24 15:11:07,-34.5322,20.0403,1,80,53.38399999999999,2.07
87,businga,CD,2022-08-24 15:11:08,3.3333,20.8833,93,95,71.45600000000003,0.52
88,puerto ayora,EC,2022-08-24 15:11:09,-0.7393,-90.3518,92,86,73.63399999999999,2.24
89,satellite beach,US,2022-08-24 15:11:09,28.1761,-80.5901,20,77,88.358,5.14
90,georgetown,MY,2022-08-24 15:11:10,5.4112,100.3354,40,89,80.16799999999998,2.06
91,airai,TL,2022-08-24 15:11:10,-8.9266,125.4092,100,84,54.33800000000005,1.8
92,dunedin,NZ,2022-08-24 15:11:11,-45.8742,170.5036,100,52,52.069999999999965,3.13
93,alta floresta,BR,2022-08-24 15:11:11,-9.8756,-56.0861,33,28,87.00800000000001,0.85
94,luderitz,NA,2022-08-24 15:11:12,-26.6481,15.1594,45,90,58.153999999999954,0.44
95,vila velha,BR,2022-08-24 15:09:52,-20.3297,-40.2925,40,91,73.61600000000001,2.57
96,saint-francois,FR,2022-08-24 15:11:13,46.4154,3.9054,0,68,64.11199999999997,0
97,mae sai,TH,2022-08-24 15:11:13,20.4335,99.8762,99,96,73.36400000000003,0.91
98,kaitangata,NZ,2022-08-24 15:11:14,-46.2817,169.8464,100,66,44.11400000000003,1.35
99,duz,,,,,,,,
100,mys shmidta,,,,,,,,
101,pervomayskoye,RU,2022-08-24 15:11:15,43.919,46.7102,0,52,74.60600000000002,9.02
102,los andes,CL,2022-08-24 15:11:15,-32.8337,-70.5983,100,52,58.280000000000044,0.57
103,ponta do sol,PT,2022-08-24 15:11:16,32.6667,-17.1,5,70,74.30000000000001,2.25
104,sorland,NO,2022-08-24 15:11:16,67.667,12.6934,49,63,57.32599999999999,3.13
105,barrow,US,2022-08-24 15:11:17,71.2906,-156.7887,100,93,41.288000000000046,2.57
106,ossora,RU,2022-08-24 15:11:17,59.2353,163.0719,98,81,59.70199999999998,6.46
107,meulaboh,ID,2022-08-24 15:11:18,4.1363,96.1285,100,93,74.26400000000004,1.38
108,inhambane,MZ,2022-08-24 15:11:19,-23.865,35.3833,0,83,65.91199999999995,2.65
109,biak,ID,2022-08-24 15:11:19,-0.9131,122.8766,90,87,74.62400000000002,1.92
110,borba,BR,2022-08-24 15:11:20,-4.3878,-59.5939,56,60,82.30999999999997,0.89
111,phan rang,,,,,,,,
112,leningradskiy,RU,2022-08-24 15:11:21,69.3833,178.4167,50,76,44.096000000000046,4.22
113,nouadhibou,MR,2022-08-24 15:11:22,20.931,-17.0347,71,74,75.97400000000002,6.92
114,utiroa,,,,,,,,
115,lorengau,PG,2022-08-24 15:11:23,-2.0226,147.2712,6,67,82.38200000000002,2.43
116,szentkiralyszabadja,HU,2022-08-24 15:11:24,47.0576,17.9705,99,81,67.334,1.4
117,jumla,NP,2022-08-24 15:03:04,29.2747,82.1838,98,89,60.35,1.42
118,kununurra,AU,2022-08-24 15:11:25,-15.7667,128.7333,8,23,59.25199999999998,3.6
119,butaritari,KI,2022-08-24 15:11:26,3.0707,172.7902,6,68,81.87799999999996,2.91
120,saint-philippe,RE,2022-08-24 15:11:26,-21.3585,55.7679,35,76,69.65600000000003,5.15
121,cherskiy,RU,2022-08-24 15:11:27,68.75,161.3,79,59,61.196000000000055,2.77
122,constitucion,CL,2022-08-24 15:11:27,-35.3333,-72.4167,99,78,54.608000000000004,5.94
123,fomboni,KM,2022-08-24 15:11:28,-12.28,43.7425,8,78,74.984,1.64
124,severo-kurilsk,RU,2022-08-24 15:11:28,50.6789,156.125,92,90,54.21199999999996,7.9
125,chimbote,PE,2022-08-24 15:11:29,-9.0853,-78.5783,13,79,64.54399999999998,4.75
126,mabaruma,GY,2022-08-24 15:11:29,8.2,-59.7833,100,98,73.88599999999997,1.17
127,port alfred,ZA,2022-08-24 15:11:30,-33.5906,26.891,2,36,74.44399999999997,1.79
128,palabuhanratu,,,,,,,,
129,flin flon,CA,2022-08-24 15:11:31,54.7682,-101.865,30,29,73.976,2.71
130,makung,,,,,,,,
131,koumac,NC,2022-08-24 15:11:32,-20.5667,164.2833,0,66,75.38000000000005,2
132,umzimvubu,,,,,,,,
133,buala,SB,2022-08-24 15:11:32,-8.145,159.5921,53,74,82.32799999999997,2.58
134,wuwei,CN,2022-08-24 15:11:33,37.9281,102.6414,79,82,58.24399999999997,0.6
135,grindavik,IS,2022-08-24 15:11:33,63.8424,-22.4338,75,87,52.538000000000046,3.6
136,zheleznodorozhnyy,RU,2022-08-24 15:11:34,55.7503,38.0042,15,46,70.484,1.5
137,narrabri,AU,2022-08-24 15:11:34,-30.3167,149.7833,0,90,42.8,2.2
138,caravelas,BR,2022-08-24 15:11:35,-17.7125,-39.2481,5,80,70.05199999999998,2.08
139,esperance,AU,2022-08-24 15:11:35,-33.8667,121.9,100,74,48.90199999999997,5.48
140,yerbogachen,RU,2022-08-24 15:11:36,61.2767,108.0108,100,79,46.99399999999997,3.09
141,anadyr,RU,2022-08-24 15:11:36,64.75,177.4833,75,93,50.774000000000015,11
142,bourail,NC,2022-08-24 15:11:37,-21.5667,165.4833,2,68,73.976,1.48
143,pelileo,EC,2022-08-24 15:11:37,-1.3167,-78.5333,24,22,60.440000000000026,3.22
144,kushmurun,KZ,2022-08-24 15:11:38,52.4503,64.6311,9,38,61.358000000000004,2.31
145,boguchany,RU,2022-08-24 15:11:38,58.3814,97.4531,95,98,51.33200000000002,1.66
146,mahebourg,MU,2022-08-24 15:11:39,-20.4081,57.7,20,64,70.358,5.14
147,attawapiskat,,,,,,,,
148,te anau,NZ,2022-08-24 15:11:40,-45.4167,167.7167,100,81,39.74000000000002,0.29
149,krasnogorskiy,RU,2022-08-24 15:11:40,54.6025,61.231,28,72,62.95999999999998,3.42
150,aykhal,RU,2022-08-24 15:11:41,66,111.5,100,77,43.88000000000004,4.24
151,fairbanks,US,2022-08-24 15:10:47,64.8378,-147.7164,100,71,64.49000000000002,0.51
152,samarai,PG,2022-08-24 15:11:41,-10.6167,150.6667,67,80,80.816,5.62
153,amderma,,,,,,,,
154,acuna,,,,,,,,
155,owando,CG,2022-08-24 15:11:43,-0.4819,15.8999,78,81,74.39000000000001,0.54
156,belushya guba,,,,,,,,
157,castro,BR,2022-08-24 15:11:44,-24.7911,-50.0119,56,81,56.20999999999998,1.51
158,cayenne,GF,2022-08-24 15:11:44,4.9333,-52.3333,0,83,79.10600000000002,1.54
159,lima,PE,2022-08-24 15:07:15,-12.0432,-77.0282,100,71,67.17200000000004,4.12
160,sakakah,SA,2022-08-24 15:11:45,29.9697,40.2064,0,12,84.88399999999999,3.91
161,saldanha,ZA,2022-08-24 15:11:45,-33.0117,17.9442,100,87,57.29000000000002,9.01
162,sur,OM,2022-08-24 15:11:46,22.5667,59.5289,100,61,87.00800000000001,3.82
163,aksarka,RU,2022-08-24 15:11:47,66.5606,67.7975,55,65,53.67200000000004,7.22
164,tumannyy,,,,,,,,
165,kyrksaeterora,NO,2022-08-24 15:11:47,63.2906,9.0891,75,68,61.50199999999998,2.2
166,chanika,TZ,2022-08-24 15:11:48,-5.4167,38.0167,11,98,61.82599999999999,1.13
167,sampit,ID,2022-08-24 15:11:48,-2.5333,112.95,99,95,73.59800000000003,0.8
168,vostok,RU,2022-08-24 15:11:49,46.4856,135.8833,15,72,54.788000000000046,1.35
169,mao,ES,2022-08-24 15:09:28,39.8885,4.2658,0,83,76.02799999999996,0
170,mehran,IR,2022-08-24 15:11:50,33.1222,46.1646,0,22,93.01999999999995,4.47
171,zaplavnoye,RU,2022-08-24 15:11:50,48.7048,45.0229,0,32,74.37200000000004,3.56
172,yulara,AU,2022-08-24 15:11:50,-25.2406,130.9889,0,59,40.658,4.12
173,sena madureira,BR,2022-08-24 15:11:51,-9.0656,-68.6569,3,35,88.19600000000005,0.98
174,marsh harbour,BS,2022-08-24 15:11:51,26.5412,-77.0636,65,70,84.68599999999998,4.03
175,atar,MR,2022-08-24 15:11:52,20.5169,-13.0499,9,36,95.01799999999999,6.24
176,thompson,CA,2022-08-24 15:07:57,55.7435,-97.8558,69,31,62.564000000000036,2.95
177,luza,RU,2022-08-24 15:11:52,60.6308,47.2512,53,79,64.90399999999995,2.06
178,valdivia,CL,2022-08-24 15:11:53,-39.8142,-73.2459,41,87,52.15999999999998,0.81
179,kruisfontein,ZA,2022-08-24 15:11:54,-34.0033,24.7314,29,29,67.96400000000003,3.73
180,samusu,,,,,,,,
181,illoqqortoormiut,,,,,,,,
182,upernavik,GL,2022-08-24 15:11:55,72.7868,-56.1549,80,78,42.58399999999999,2.13
183,chapais,CA,2022-08-24 15:11:55,49.7834,-74.8492,68,56,61.26799999999999,3.48
184,norman wells,CA,2022-08-24 15:11:55,65.282,-126.8329,94,43,77.82799999999997,1.03
185,inuvik,CA,2022-08-24 15:11:56,68.3499,-133.7218,100,67,64.23800000000006,0.91
186,arman,RU,2022-08-24 15:11:56,59.7,150.1667,100,83,53.67200000000004,4.02
187,codrington,AU,2022-08-24 15:11:57,-38.2667,141.9667,82,90,51.70999999999998,4.42
188,kodiak,US,2022-08-24 15:11:57,57.79,-152.4072,20,88,56.983999999999995,2.06
189,tsabong,BW,2022-08-24 15:11:58,-26.0217,22.401,0,27,63.21199999999996,6.12
190,hasaki,JP,2022-08-24 15:11:58,35.7333,140.8333,96,82,75.55999999999997,5.58
191,coquimbo,CL,2022-08-24 15:11:59,-29.9533,-71.3436,75,93,53.6,4.12
192,sao filipe,CV,2022-08-24 15:11:59,14.8961,-24.4956,76,79,78.27799999999996,3.17
193,sungaipenuh,ID,2022-08-24 15:12:00,-2.0833,101.3833,91,97,62.86999999999996,0.3
194,ostrovnoy,RU,2022-08-24 15:12:00,68.0531,39.5131,100,87,46.23800000000004,1.68
195,dikson,RU,2022-08-24 15:12:01,73.5069,80.5464,100,87,40.26199999999996,10.15
196,shieli,KZ,2022-08-24 15:12:01,44.1667,66.75,0,26,73.16600000000001,5.43
197,jertih,MY,2022-08-24 15:12:02,5.7336,102.4897,100,93,76.424,2.13
198,wahlstedt,DE,2022-08-24 15:12:02,53.95,10.2167,32,88,68.25199999999998,3.96
199,aklavik,CA,2022-08-24 15:12:03,68.2191,-135.0107,100,72,63.40999999999998,1.2
200,yenagoa,NG,2022-08-24 15:12:03,4.9247,6.2642,81,89,74.67799999999997,2.01
201,sorvag,,,,,,,,
202,narsaq,GL,2022-08-24 15:12:04,60.9167,-46.05,83,92,48.685999999999964,1.96
203,katsuura,JP,2022-08-24 15:12:04,35.1333,140.3,100,86,75.75800000000001,5.49
204,victoria,HK,2022-08-24 15:12:05,22.2855,114.1577,90,88,82.52599999999998,10.28
205,kaeo,NZ,2022-08-24 15:12:06,-35.1,173.7833,100,95,59.59399999999997,8.12
206,pevek,RU,2022-08-24 15:12:06,69.7008,170.3133,54,83,43.66400000000003,0.35
207,isangel,VU,2022-08-24 15:12:07,-19.55,169.2667,75,74,82.77799999999996,2.57
208,qaanaaq,GL,2022-08-24 15:12:07,77.484,-69.3632,100,91,38.372000000000035,2.91
209,zaltan,LY,2022-08-24 15:12:08,32.947,11.8665,0,64,80.33000000000004,3.83
210,beringovskiy,RU,2022-08-24 15:12:08,63.05,179.3167,100,96,49.26199999999996,8.54
211,zemio,CF,2022-08-24 15:12:09,5.0314,25.1361,59,97,68.342,1.26
212,azua,DO,2022-08-24 15:12:09,18.4532,-70.7349,43,76,79.32200000000003,3.58
213,ibra,OM,2022-08-24 15:12:10,22.6906,58.5334,100,49,86.21600000000001,1.53
214,kathu,TH,2022-08-24 15:12:10,7.9178,98.3332,100,87,84.01999999999995,4.56
215,kasama,ZM,2022-08-24 15:12:11,-10.2129,31.1808,69,50,61.64600000000005,3.63
216,doka,SD,2022-08-24 15:12:11,13.5167,35.7667,100,98,70.50199999999998,5.39
217,yefira,,,,,,,,
218,langham,CA,2022-08-24 15:12:12,52.3668,-106.9679,28,30,79.28599999999997,2.05
219,bathsheba,BB,2022-08-24 15:12:12,13.2167,-59.5167,40,74,85.08200000000002,5.14
220,svidnik,SK,2022-08-24 15:12:13,49.3082,21.5703,42,89,66.29000000000002,1.82
221,chokurdakh,RU,2022-08-24 15:12:13,70.6333,147.9167,100,77,41.19800000000002,5.44
222,richards bay,ZA,2022-08-24 15:12:14,-28.783,32.0377,0,70,65.984,5.98
223,saint-joseph,RE,2022-08-24 15:12:14,-21.3667,55.6167,17,74,68.64800000000002,5.62
224,hithadhoo,MV,2022-08-24 15:12:15,-0.6,73.0833,100,74,81.44600000000005,2.52
225,sorong,ID,2022-08-24 15:12:16,-0.8833,131.25,91,86,77.64800000000002,1.95
226,wanaka,NZ,2022-08-24 15:12:16,-44.7,169.15,100,78,42.38599999999997,0.89
227,torbay,CA,2022-08-24 15:12:17,47.6666,-52.7314,75,90,71.85199999999998,9.77
228,zhigansk,RU,2022-08-24 15:12:17,66.7697,123.3711,18,74,44.40199999999997,3.2
229,rio gallegos,AR,2022-08-24 15:10:15,-51.6226,-69.2181,40,75,41.32400000000001,3.6
230,novobiryusinskiy,RU,2022-08-24 15:12:18,56.9578,97.7076,97,99,49.225999999999985,1.43
231,haibowan,,,,,,,,
232,faya,SA,2022-08-24 15:12:19,18.3851,42.4509,92,48,70.62799999999996,1.87
233,abu dhabi,AE,2022-08-24 15:12:19,24.4667,54.3667,100,73,91.59800000000003,6.65
234,kahului,US,2022-08-24 15:12:20,20.8947,-156.47,20,40,93.48800000000006,7.2
235,adjumani,UG,2022-08-24 15:12:20,3.3779,31.7909,45,96,64.11199999999997,0.61
236,ferme-neuve,CA,2022-08-24 15:12:21,46.7001,-75.4493,15,64,72.46400000000003,3.21
237,nuuk,GL,2022-08-24 15:12:21,64.1835,-51.7216,75,87,47.28200000000002,8.23
238,namatanai,PG,2022-08-24 15:12:22,-3.6667,152.4333,67,73,81.51799999999999,1.42
239,charters towers,AU,2022-08-24 15:12:22,-20.1,146.2667,0,38,51.817999999999984,7.08
240,scottsburgh,,,,,,,,
241,kyshtovka,RU,2022-08-24 15:12:23,56.555,76.6271,49,78,59.45,2.59
242,shahumyan,AM,2022-08-24 15:12:23,39.9385,44.5697,3,36,77.59399999999997,0.48
243,poum,NC,2022-08-24 15:12:24,-20.2333,164.0167,0,72,73.958,2.99
244,maglajani,BA,2022-08-24 15:12:25,44.9486,17.3494,0,100,66.48800000000006,1.03
245,havoysund,NO,2022-08-24 15:12:25,70.9963,24.6622,100,81,48.70399999999995,1.33
246,san nicolas,PH,2022-08-24 15:12:26,18.1725,120.5953,75,94,77.18000000000004,1.03
247,skalistyy,,,,,,,,
248,lebu,CL,2022-08-24 15:12:26,-37.6167,-73.65,33,76,48.038000000000046,7.82
249,morros,BR,2022-08-24 15:12:27,-9.4467,-46.3003,74,29,81.96799999999999,1.87
250,port keats,AU,2022-08-24 15:12:27,-14.25,129.55,77,23,60.74600000000005,6.2
251,quzhou,CN,2022-08-24 15:12:28,28.9594,118.8686,45,92,78.87200000000004,1.35
252,bow island,CA,2022-08-24 15:12:28,49.8668,-111.3684,54,28,81.75199999999998,1.11
253,grand river south east,,,,,,,,
254,bontang,ID,2022-08-24 15:08:08,0.1333,117.5,100,90,75.75800000000001,1.83
255,vershino-shakhtaminskiy,RU,2022-08-24 15:12:29,51.3012,117.8868,30,90,36.40999999999998,1.58
256,tuatapere,NZ,2022-08-24 15:12:30,-46.1333,167.6833,98,64,44.20399999999995,1.08
257,beloha,MG,2022-08-24 15:12:31,-25.1667,45.05,62,74,66.95600000000003,5.71
258,dingle,PH,2022-08-24 15:12:31,10.9995,122.6711,67,91,76.40600000000003,1.23
259,erdenet,MN,2022-08-24 15:12:32,49.0333,104.0833,14,87,38.317999999999984,1.62
260,huarmey,PE,2022-08-24 15:12:32,-10.0681,-78.1522,4,76,65.76799999999999,4.59
261,santa maria,BR,2022-08-24 15:08:55,-29.6842,-53.8069,57,88,64.13000000000005,2.07
262,kavaratti,IN,2022-08-24 15:12:33,10.5669,72.642,100,79,80.76199999999996,8.37
263,tuktoyaktuk,CA,2022-08-24 15:12:33,69.4541,-133.0374,100,83,54.35600000000003,3.01
264,cabedelo,BR,2022-08-24 15:12:34,-6.9811,-34.8339,43,78,76.13599999999997,7.15
265,boundiali,CI,2022-08-24 15:12:34,9.5217,-6.4869,90,97,69.566,2.24
266,zonguldak,TR,2022-08-24 15:12:35,41.25,31.8333,99,92,67.29800000000003,1.62
267,nikolskoye,RU,2022-08-24 15:12:35,59.7035,30.7861,86,60,73.56199999999995,2.22
268,madang,PG,2022-08-24 15:12:36,-5.2246,145.7966,63,90,77.14399999999998,1.11
269,yining,CN,2022-08-24 15:12:36,29.0361,114.5636,70,93,76.71199999999996,0.83
270,hambantota,LK,2022-08-24 15:12:37,6.1241,81.1185,73,82,78.42200000000004,8.34
271,rocha,UY,2022-08-24 15:12:37,-34.4833,-54.3333,6,85,55.05800000000001,2.44
272,acapulco,MX,2022-08-24 15:12:38,16.8634,-99.8901,75,66,87.89000000000001,2.57
273,solnechnyy,RU,2022-08-24 15:12:38,50.7214,136.6319,92,81,56.48000000000005,1.6
274,nykoping,SE,2022-08-24 15:12:39,58.753,17.0079,0,94,54.158,1.54
275,margate,GB,2022-08-24 15:12:39,51.3813,1.3862,86,88,73.58000000000004,0.89
276,vestmannaeyjar,IS,2022-08-24 15:12:40,63.4427,-20.2734,100,95,51.02599999999999,1.98
277,college,US,2022-08-24 15:12:40,64.8569,-147.8028,75,71,64.47200000000004,0.51
278,manono,CD,2022-08-24 15:12:41,-7.3,27.4167,61,34,80.20399999999995,0.12
279,port augusta,AU,2022-08-24 15:12:42,-32.5,137.7667,5,91,46.742,0.95
280,roald,NO,2022-08-24 15:12:42,62.5833,6.1333,75,82,74.58800000000005,4.63
281,mecca,SA,2022-08-24 15:08:33,21.4267,39.8261,50,67,87.458,2.4
282,glogova,RO,2022-08-24 15:12:43,44.9281,22.9067,98,81,65.84000000000003,2.09
283,glendive,US,2022-08-24 15:12:43,47.1053,-104.7125,75,59,76.74800000000002,5.66
284,pershotravneve,UA,2022-08-24 15:12:44,51.3929,28.8684,1,47,67.38800000000005,2.86
285,trelew,AR,2022-08-24 15:08:14,-43.249,-65.3051,13,28,54.391999999999996,4.07
286,clyde river,CA,2022-08-24 15:11:29,70.4692,-68.5914,94,91,35.15,2.1
287,saleaula,,,,,,,,
288,kendari,ID,2022-08-24 15:12:45,-3.945,122.4989,99,95,73.54399999999998,1.52
289,karratha,AU,2022-08-24 15:12:45,-20.7377,116.8463,4,24,63.14000000000002,7.19
290,asau,RO,2022-08-24 15:12:46,46.4333,26.4,83,53,67.55000000000001,2.93
291,san patricio,US,2022-08-24 15:12:47,28.017,-97.5169,95,54,92.42599999999999,1.99
292,broome,US,2022-08-24 15:12:47,42.2506,-75.833,20,53,81.24800000000002,3.09
293,hovd,MN,2022-08-24 15:12:48,48.0056,91.6419,0,43,52.50199999999998,2.22
294,kysyl-syr,RU,2022-08-24 15:12:48,63.8986,122.7617,100,85,46.32799999999996,2.65
295,severnoye,RU,2022-08-24 15:12:49,56.3491,78.3619,5,91,53.76199999999996,2.49
296,barentsburg,,,,,,,,
297,linguere,SN,2022-08-24 15:12:49,15.3953,-15.1193,92,77,80.41999999999996,3.57
298,iqaluit,CA,2022-08-24 15:09:27,63.7506,-68.5145,100,97,38.030000000000044,7.36
299,byron bay,AU,2022-08-24 15:10:51,-28.65,153.6167,0,49,50.97200000000004,2.24
300,los algarrobos,PA,2022-08-24 15:12:50,8.5,-82.4333,98,87,81.06799999999998,0.45
301,forbes,AU,2022-08-24 15:12:51,-33.3833,148.0167,100,83,50.18000000000004,2.23
302,cumberland,US,2022-08-24 15:12:51,35.0502,-78.8664,0,53,88.75399999999996,2.06
303,cabo san lucas,MX,2022-08-24 15:11:43,22.8909,-109.9124,20,55,92.76799999999999,8.23
304,tungor,RU,2022-08-24 15:12:52,53.3808,142.9564,0,70,56.3,5.62
305,tasiilaq,GL,2022-08-24 15:12:52,65.6145,-37.6368,58,74,38.174000000000014,3.14
306,sayyan,YE,2022-08-24 15:12:53,15.1718,44.3244,91,44,66.91999999999996,1.94
307,lagoa,PT,2022-08-24 15:12:53,39.05,-27.9833,91,77,73.058,5.54
308,mount gambier,AU,2022-08-24 15:12:54,-37.8333,140.7667,97,95,48.61400000000003,2.02
309,ulaanbaatar,MN,2022-08-24 15:12:55,47.9077,106.8832,75,87,41.39600000000005,2
310,kijang,KR,2022-08-24 15:12:55,35.2442,129.2139,77,77,69.98000000000005,0.99
311,oriximina,BR,2022-08-24 15:12:56,-1.7656,-55.8661,42,66,82.68800000000005,2.14
312,dahra,DZ,2022-08-24 15:12:56,36.2546,0.8519,0,35,82.65199999999999,2.04
313,yakeshi,CN,2022-08-24 15:12:57,49.2833,120.7333,31,92,42.42200000000004,3.52
314,tiznit,MA,2022-08-24 15:12:57,29.5833,-9.5,90,47,78.06199999999995,0.62
315,ampere,BR,2022-08-24 15:12:58,-25.915,-53.4728,1,81,63.28399999999999,1.85
316,dunshaughlin,IE,2022-08-24 15:12:58,53.5125,-6.54,97,88,59.61199999999995,3.1
317,christchurch,NZ,2022-08-24 15:08:47,-43.5333,172.6333,100,75,51.188000000000045,5.66
318,alice springs,AU,2022-08-24 15:12:59,-23.7,133.8833,0,64,31.819999999999958,0
319,pisco,PE,2022-08-24 15:13:00,-13.7,-76.2167,27,77,62.29399999999997,2.48
320,sistranda,NO,2022-08-24 15:13:00,63.7256,8.834,68,76,61.03399999999999,5.95
321,nikki,BJ,2022-08-24 15:13:01,9.9401,3.2108,93,90,71.47400000000002,1.75
322,evensk,RU,2022-08-24 15:13:01,61.95,159.2333,100,85,51.656000000000034,6.44
323,lichtenburg,ZA,2022-08-24 15:13:02,-26.152,26.1597,0,44,51.96199999999996,3.18
324,abnub,EG,2022-08-24 15:13:02,27.2696,31.1511,0,21,89.99600000000005,3.74
325,waddan,LY,2022-08-24 15:13:03,29.1614,16.139,0,54,81.35600000000002,7.21
326,bethel,US,2022-08-24 15:13:03,41.3712,-73.414,75,54,88.03399999999999,1.54
327,bahraich,IN,2022-08-24 15:13:04,27.5833,81.6,53,82,80.63599999999997,2.07
328,taoudenni,ML,2022-08-24 15:13:04,22.6783,-3.9836,11,22,101.60600000000004,6.43
329,kalabo,ZM,2022-08-24 15:13:05,-14.97,22.6814,6,38,63.248000000000026,2.69
330,ambulu,ID,2022-08-24 15:13:05,-8.345,113.6058,91,89,71.34800000000003,1.43
331,agirish,RU,2022-08-24 15:13:06,61.9247,63.0231,80,52,56.93000000000004,2.39
332,linjiang,CN,2022-08-24 15:13:06,41.8069,126.9078,0,93,55.38200000000002,0.65
333,venado,MX,2022-08-24 15:13:07,22.9333,-101.0833,95,27,83.22799999999997,7.52
334,nkhotakota,MW,2022-08-24 15:13:07,-12.9274,34.2961,50,55,69.60199999999998,3.4
335,pucallpa,PE,2022-08-24 15:09:45,-8.3791,-74.5539,20,45,89.90600000000003,3.09
336,tahoua,NE,2022-08-24 15:13:08,14.8888,5.2692,38,57,83.76799999999999,5.49
337,waingapu,ID,2022-08-24 15:13:09,-9.6567,120.2641,95,83,74.76799999999999,5.12
338,egvekinot,RU,2022-08-24 15:13:09,66.3167,-179.1667,100,97,43.84399999999997,3.11
339,odweyne,SO,2022-08-24 15:13:10,9.4092,45.064,14,55,72.15800000000002,9.41
340,maues,BR,2022-08-24 15:10:28,-3.3836,-57.7186,65,62,82.75999999999999,0.58
341,tual,ID,2022-08-24 15:13:11,-5.6667,132.75,92,80,79.358,11.72
342,kandrian,PG,2022-08-24 15:13:11,-6.2167,149.55,67,84,79.142,2.31
343,sobolevo,RU,2022-08-24 15:13:12,54.4299,31.8996,73,56,62.94199999999999,2.87
344,gorele,TR,2022-08-24 15:13:13,41.0308,39.0031,36,77,74.87599999999999,1.8
345,port-gentil,GA,2022-08-24 15:13:13,-0.7193,8.7815,20,83,77.234,2.57
346,temaraia,,,,,,,,
347,guaratinga,BR,2022-08-24 15:13:14,-16.5667,-39.5667,46,85,65.69600000000005,1.61
348,bilma,NE,2022-08-24 15:13:14,18.6853,12.9164,80,20,97.25,1.99
349,kavieng,PG,2022-08-24 15:13:15,-2.5744,150.7967,61,78,81.46400000000003,2.7
350,noyabrsk,RU,2022-08-24 15:13:15,63.1994,75.4507,92,73,57.30800000000001,6.56
351,itarema,BR,2022-08-24 15:13:16,-2.9248,-39.9167,50,80,78.60199999999998,6.35
352,borzna,UA,2022-08-24 15:13:16,51.2546,32.4269,5,42,66.41600000000001,3.96
353,luanda,AO,2022-08-24 15:13:17,-8.8368,13.2343,92,87,70.10600000000002,3.94
354,hualmay,PE,2022-08-24 15:13:17,-11.0964,-77.6139,13,75,64.68800000000005,4.5
355,ulety,RU,2022-08-24 15:13:18,51.3572,112.4849,98,76,44.95999999999998,4.62
356,nyaunglebin,MM,2022-08-24 15:13:19,17.95,96.7333,100,89,77.84600000000006,0.65
357,lata,PT,2022-08-24 15:13:19,40.1629,-8.3327,97,95,65.33599999999997,1.63
358,guaimaro,CU,2022-08-24 15:13:20,21.05,-77.35,79,67,85.208,2.8
359,port hardy,CA,2022-08-24 15:13:20,50.6996,-127.4199,52,80,66.79399999999998,3.52
360,wampusirpi,,,,,,,,
361,raymondville,US,2022-08-24 15:13:21,26.4815,-97.7831,82,48,98.97799999999997,8.32
362,omutinskoye,,,,,,,,
363,bam,IR,2022-08-24 15:13:22,29.106,58.357,5,9,76.19000000000003,8.31
364,usinsk,RU,2022-08-24 15:13:22,65.9939,57.5281,53,85,45.464000000000034,4.86
365,padang,ID,2022-08-24 15:13:23,-0.9492,100.3543,58,86,75.79399999999998,1.74
366,virginia beach,US,2022-08-24 15:10:47,36.8529,-75.978,75,61,88.30399999999995,4.12
367,kodinsk,RU,2022-08-24 15:13:24,58.6881,99.1844,96,98,46.52599999999999,1.49
368,port hawkesbury,CA,2022-08-24 15:13:24,45.6169,-61.3485,100,92,74.15600000000003,1.03
369,bani walid,LY,2022-08-24 15:13:25,31.7566,13.9942,0,64,75.66799999999998,2.9
370,bukama,CD,2022-08-24 15:13:25,-9.2,25.85,58,32,79.86199999999997,0.91
371,yar-sale,RU,2022-08-24 15:13:26,66.8333,70.8333,49,68,53.79800000000003,9.34
372,sao felix do xingu,BR,2022-08-24 15:13:27,-6.6447,-51.995,85,38,86.03599999999997,1.31
373,pochutla,MX,2022-08-24 15:13:27,15.7432,-96.4661,97,62,88.08800000000005,2.86
374,srednekolymsk,RU,2022-08-24 15:12:19,67.45,153.6833,100,88,46.88599999999997,5.82
375,bukachacha,RU,2022-08-24 15:12:18,52.9833,116.9167,20,90,38.42599999999999,1.41
376,raudeberg,NO,2022-08-24 15:13:28,61.9875,5.1352,100,20,61.23200000000001,3.75
377,illapel,CL,2022-08-24 15:13:29,-31.6308,-71.1653,100,74,64.47200000000004,1.77
378,pajapita,GT,2022-08-24 15:13:29,14.7167,-92.0333,100,84,82.74199999999999,0.75
379,inhapim,BR,2022-08-24 15:13:30,-19.5492,-42.12,85,59,69.31400000000004,2.23
380,marcona,,,,,,,,
381,bakchar,RU,2022-08-24 15:13:30,57.0186,82.0711,38,96,53.6,2.15
382,amga,RU,2022-08-24 15:13:31,60.8953,131.9608,100,95,46.59800000000003,3.11
383,bumba,CD,2022-08-24 15:13:31,2.1833,22.4667,86,96,70.77200000000005,1.25
384,hobyo,SO,2022-08-24 15:13:32,5.3505,48.5268,97,78,77.32400000000001,10.25
385,geraldton,AU,2022-08-24 15:10:33,-28.7667,114.6,82,71,48.88399999999999,6.17
386,cidreira,BR,2022-08-24 15:11:20,-30.1811,-50.2056,7,84,61.25,3.62
387,naze,JP,2022-08-24 15:13:33,28.3667,129.4833,100,85,80.708,4.54
388,fortuna,US,2022-08-24 15:13:33,40.5982,-124.1573,100,95,63.248000000000026,5.14
389,port moresby,PG,2022-08-24 15:13:34,-9.4431,147.1797,88,86,76.56799999999998,1.76
390,tsihombe,,,,,,,,
391,tautira,PF,2022-08-24 15:13:34,-17.7333,-149.15,85,77,76.78399999999999,8.6
392,vanavara,RU,2022-08-24 15:13:35,60.34,102.2797,99,95,46.20199999999998,2.61
393,hearst,CA,2022-08-24 15:13:35,49.6835,-83.6665,88,62,61.214000000000034,2.09
394,kloulklubed,PW,2022-08-24 15:13:36,7.0419,134.2556,68,65,74.174,3.33
395,aswan,EG,2022-08-24 15:13:36,24.0934,32.907,4,19,93.77599999999998,3.28
396,brigantine,US,2022-08-24 15:13:37,39.4101,-74.3646,0,61,90.06799999999998,4.12
397,dargaville,NZ,2022-08-24 15:13:37,-35.9333,173.8833,100,95,57.938000000000045,6.44
398,garowe,SO,2022-08-24 15:13:38,8.4054,48.4845,37,46,81.14000000000001,11.37
399,tabiauea,,,,,,,,
400,afmadu,,,,,,,,
401,aripuana,BR,2022-08-24 15:13:39,-9.1667,-60.6333,24,34,85.85600000000002,0.72
402,tessalit,ML,2022-08-24 15:13:39,20.1986,1.0114,82,65,79.73599999999996,8.1
403,vaitupu,,,,,,,,
404,labrea,BR,2022-08-24 15:13:40,-7.2586,-64.7981,8,32,86.19800000000004,0.65
405,kungurtug,RU,2022-08-24 15:13:41,50.5994,97.5228,21,80,35.38399999999999,0.46
406,yashkul,RU,2022-08-24 15:13:41,46.1711,45.3435,0,44,73.66999999999996,5.9
407,necochea,AR,2022-08-24 15:13:42,-38.5473,-58.7368,38,69,54.30199999999998,2.6
408,qaqortoq,GL,2022-08-24 15:13:42,60.7167,-46.0333,90,93,45.71600000000001,1.12
409,karamay,,,,,,,,
410,aksay,RU,2022-08-24 15:13:43,47.26,39.87,0,26,79.51999999999995,6.26
411,san clemente,US,2022-08-24 15:09:21,33.427,-117.612,31,73,99.03200000000002,1.79
412,samur,RU,2022-08-24 15:13:44,41.8253,48.486,0,50,68.54000000000002,2.27
413,kilindoni,TZ,2022-08-24 15:13:44,-7.9139,39.6668,0,75,75.91999999999996,6.64
414,rancharia,BR,2022-08-24 15:09:36,-22.2292,-50.8931,10,49,70.71799999999999,3
415,santa isabel do rio negro,BR,2022-08-24 15:13:45,-0.4139,-65.0192,79,91,74.69600000000005,1.54
416,imbituba,BR,2022-08-24 15:13:46,-28.24,-48.6703,0,90,63.71600000000001,5.79
417,erenhot,CN,2022-08-24 15:13:46,43.6475,111.9767,0,51,58.31600000000001,3.57
418,vaitape,PF,2022-08-24 15:13:47,-16.5167,-151.75,4,79,76.58599999999997,5.31
419,havre-saint-pierre,CA,2022-08-24 15:13:47,50.2334,-63.5986,30,88,63.12200000000004,5.06
420,lunca,RO,2022-08-24 15:13:48,43.8333,24.7667,72,73,74.35399999999996,2.8
421,dunmore town,BS,2022-08-24 15:13:48,25.5,-76.65,30,71,84.48800000000006,3.51
422,calvia,ES,2022-08-24 15:13:49,39.5657,2.5062,39,64,81.19399999999997,0.77
423,berlevag,NO,2022-08-24 15:13:49,70.8578,29.0864,100,62,55.616000000000014,8.75
424,tambura,SS,2022-08-24 15:13:50,5.6,27.4667,68,97,66.99199999999999,0.37
425,wolmaranstad,,,,,,,,
426,camana,PE,2022-08-24 15:13:50,-16.6228,-72.7111,52,78,61.73599999999997,2.67
427,koidu,SL,2022-08-24 15:13:51,8.4167,-10.8333,100,99,70.75399999999996,1.43
428,butembo,CD,2022-08-24 15:13:51,0.15,29.2833,49,78,57.83000000000004,1.25
429,talnakh,RU,2022-08-24 15:13:52,69.4865,88.3972,51,87,47.48000000000004,1.96
430,lodja,CD,2022-08-24 15:13:52,-3.4833,23.4333,7,68,75.01999999999995,1.01
431,turka,UA,2022-08-24 15:13:53,49.1541,23.0297,23,69,61.069999999999965,0.59
432,novosergiyevka,RU,2022-08-24 15:13:53,52.0934,53.6528,66,46,66.308,3.4
433,sinnamary,GF,2022-08-24 15:13:54,5.3833,-52.95,78,86,78.16999999999996,3.04
434,carupano,VE,2022-08-24 15:13:54,10.6678,-63.2585,36,82,80.05999999999997,2.07
435,haines junction,CA,2022-08-24 15:13:55,60.7522,-137.5108,100,90,57.41600000000001,1.85
436,mercedes,AR,2022-08-24 15:13:55,-34.6515,-59.4307,9,54,69.13399999999999,2.58
437,leon,MX,2022-08-24 15:11:16,21.1167,-101.6667,85,50,80.41999999999996,1.69
438,orbetello,IT,2022-08-24 15:13:56,42.4408,11.2196,0,57,75.57799999999997,2.74
439,itoman,JP,2022-08-24 15:13:56,26.1247,127.6694,75,84,86.28800000000004,4.12
440,srandakan,ID,2022-08-24 15:13:57,-7.9386,110.2506,83,85,74.13800000000005,3.82
441,superior,US,2022-08-24 15:13:57,46.7208,-92.1041,100,87,70.75399999999996,9.26
442,sumbe,AO,2022-08-24 15:13:58,-11.2061,13.8437,77,90,70.06999999999996,3.02
443,bossembele,,,,,,,,
444,najran,SA,2022-08-24 15:13:59,17.4924,44.1277,100,24,85.78399999999999,2.04
445,ondorhaan,,,,,,,,
446,altay,CN,2022-08-24 15:13:59,47.8667,88.1167,0,27,54.806000000000026,3.12
447,guider,CM,2022-08-24 15:14:00,9.9342,13.9486,100,93,71.00600000000003,1.28
448,palmerston,AU,2022-08-24 15:14:00,-12.486,130.9833,0,25,66.45199999999997,4.63
449,birao,CF,2022-08-24 15:14:01,10.2849,22.7882,97,94,72.12200000000004,1.43
450,vire,FR,2022-08-24 15:14:01,48.9167,-0.8333,58,93,67.65800000000002,2.39
451,puerto narino,CO,2022-08-24 15:14:02,-3.7703,-70.3831,43,57,84.23599999999996,0.55
452,bolivar,US,2022-08-24 15:09:20,37.6145,-93.4105,62,49,87.85399999999996,3.06
453,ngukurr,,,,,,,,
454,bongouanou,CI,2022-08-24 15:14:03,6.6486,-4.1992,51,92,69.368,1.58
455,tomatlan,MX,2022-08-24 15:14:04,19.9333,-105.25,30,62,88.39399999999998,3.92
456,bowen,AU,2022-08-24 15:14:04,-20.0167,148.2333,0,49,58.04600000000005,5.61
457,rorvik,NO,2022-08-24 15:14:05,64.8621,11.2373,12,82,62.851999999999975,1.54
458,ihosy,MG,2022-08-24 15:14:06,-22.4,46.1167,33,90,57.14600000000005,4.19
459,saint-georges,GD,2022-08-24 15:09:40,12.0564,-61.7485,42,74,81.64399999999998,2.78
460,sahrak,,,,,,,,
461,roma,US,2022-08-24 15:14:07,43.2128,-75.4557,0,60,82.09399999999997,4.92
462,chateaubelair,VC,2022-08-24 15:14:07,13.2833,-61.25,15,71,81.5,2.75
463,quelimane,MZ,2022-08-24 15:14:08,-17.8786,36.8883,9,91,66.00199999999998,0.94
464,laguna,US,2022-08-24 15:14:08,38.421,-121.4238,0,28,104.35999999999999,4.63
465,nanortalik,GL,2022-08-24 15:14:09,60.1432,-45.2371,79,93,43.592,1.09
466,kirakira,SB,2022-08-24 15:14:10,-10.4544,161.9205,96,78,81.87799999999996,3.43
467,ordzhonikidze,KZ,2022-08-24 15:14:11,52.4411,61.7408,10,54,63.10399999999996,1.43
468,dalbandin,PK,2022-08-24 15:14:11,28.8947,64.4101,94,16,83.49800000000002,1.7
469,chaozhou,CN,2022-08-24 15:14:12,23.6651,116.6379,40,92,76.94600000000005,2.03
470,buqayq,,,,,,,,
471,aleksandrov gay,RU,2022-08-24 15:14:12,50.147,48.5704,0,31,76.13599999999997,2.56
472,sabha,LY,2022-08-24 15:14:13,27.0377,14.4283,0,24,90.66199999999995,7.61
473,naryan-mar,RU,2022-08-24 15:14:13,67.6713,53.087,71,87,48.182000000000016,4.38
474,sitka,US,2022-08-24 15:14:14,57.0531,-135.33,75,77,64.56199999999995,2.06
475,george,ZA,2022-08-24 15:14:14,-33.963,22.4617,0,52,64.34600000000006,0.67
476,techiman,GH,2022-08-24 15:14:15,7.5862,-1.9414,9,96,69.53000000000004,1.61
477,three hills,CA,2022-08-24 15:14:16,51.7001,-113.2686,100,36,79.95199999999997,4.02
478,sao paulo de olivenca,BR,2022-08-24 15:14:16,-3.3783,-68.8725,49,59,84.05600000000004,1.06
479,brae,GB,2022-08-24 15:14:17,60.3964,-1.353,100,87,56.65999999999998,2.59
480,sosva,RU,2022-08-24 15:14:18,59.1766,61.8558,64,87,62.95999999999998,2.28
481,berbera,SO,2022-08-24 15:14:18,10.4396,45.0143,4,39,90.76999999999995,8.1
482,shu,KZ,2022-08-24 15:14:19,43.5983,73.7614,84,27,66.61400000000003,3.34
483,axim,GH,2022-08-24 15:14:19,4.8699,-2.2405,1,86,74.22799999999997,1.92
484,porto seguro,BR,2022-08-24 15:12:33,-16.4497,-39.0647,20,78,74.19200000000001,2.06
485,batemans bay,AU,2022-08-24 15:14:20,-35.7167,150.1833,91,63,51.36799999999998,2.13
486,salinas,US,2022-08-24 15:11:44,36.6777,-121.6555,0,65,85.28000000000004,6.69
487,ilulissat,GL,2022-08-24 15:14:20,69.2167,-51.1,75,50,52.08800000000005,3.6
488,thouars,FR,2022-08-24 15:14:21,46.976,-0.2151,44,41,73.47200000000004,1.18
489,tabou,CI,2022-08-24 15:14:22,4.423,-7.3528,50,81,76.26199999999996,3.62
490,palmas bellas,PA,2022-08-24 15:14:22,9.2319,-80.0867,99,82,84.27200000000005,1.89
491,smolenka,RU,2022-08-24 15:14:23,52.1352,113.4974,12,87,44.22200000000004,4
492,taperoa,BR,2022-08-24 15:14:23,-7.2075,-36.8267,95,61,71.95999999999998,8.53
493,emba,KZ,2022-08-24 15:14:24,48.8264,58.1442,48,30,66.57799999999997,3.13
494,micheweni,TZ,2022-08-24 15:14:24,-4.9667,39.8333,8,81,74.94800000000004,5.51
495,mana,GF,2022-08-24 15:14:25,5.6592,-53.7767,86,85,77.28800000000004,2.29
496,tubuala,PA,2022-08-24 15:14:25,9.5167,-79.0333,83,76,83.56999999999996,2.87
497,srbobran,RS,2022-08-24 15:14:26,45.5539,19.8028,77,86,67.19000000000003,1.21
498,umm jarr,,,,,,,,
499,nizhneyansk,,,,,,,,
500,yaan,NG,2022-08-24 15:14:27,7.3833,8.5667,95,93,72.37400000000002,1.24
501,matagami,CA,2022-08-24 15:14:27,49.7502,-77.6328,47,54,62.185999999999964,4.61
502,pocone,BR,2022-08-24 15:14:28,-16.2567,-56.6228,40,22,84.77599999999998,2.22
503,kalengwa,ZM,2022-08-24 15:14:28,-13.4659,25.0027,84,34,69.31400000000004,3.02
504,bolungarvik,,,,,,,,
505,voh,NC,2022-08-24 15:14:29,-20.9667,164.7,0,65,76.29800000000003,1.23
506,champerico,GT,2022-08-24 15:14:30,14.3,-91.9167,96,78,81.75199999999998,3.48
507,rurrenabaque,BO,2022-08-24 15:14:30,-14.4413,-67.5278,0,44,82.23800000000006,0.39
508,dongargaon,IN,2022-08-24 15:14:31,20.9667,80.85,100,94,74.65999999999998,2.11
509,nantucket,US,2022-08-24 15:14:31,41.2835,-70.0995,0,71,82.77799999999996,4.12
510,soanierana ivongo,MG,2022-08-24 15:14:32,-16.9167,49.5833,28,88,66.326,2.44
511,cloquet,US,2022-08-24 15:14:33,46.7216,-92.4594,100,88,68.64800000000002,3.6
512,artyom,AZ,2022-08-24 15:14:33,40.4723,50.333,0,59,64.81400000000004,3.02
513,salalah,OM,2022-08-24 15:14:34,17.0151,54.0924,99,92,76.38800000000005,0.63
514,khonuu,,,,,,,,
515,bandarbeyla,SO,2022-08-24 15:14:34,9.4942,50.8122,0,80,76.24399999999997,12.05
516,mahajanga,MG,2022-08-24 15:14:35,-15.7167,46.3167,28,58,72.24800000000002,8.39
517,paamiut,GL,2022-08-24 15:14:35,61.994,-49.6678,100,97,42.35,4.41
518,nishihara,JP,2022-08-24 15:11:30,26.1842,127.7558,75,84,85.55000000000001,4.12
519,port blair,IN,2022-08-24 15:14:36,11.6667,92.75,40,94,79.10600000000002,1.03
520,sulangan,PH,2022-08-24 15:14:37,11.1373,123.7228,61,78,82.75999999999999,2.94
521,locri,IT,2022-08-24 15:14:37,38.2414,16.2623,0,76,68.59399999999997,3.8
522,guaruja,BR,2022-08-24 15:14:37,-23.9931,-46.2564,73,90,67.96400000000003,3.07
523,bezhta,RU,2022-08-24 15:14:38,42.1338,46.1283,0,51,50.05399999999995,0.29
524,sarangani,PH,2022-08-24 15:14:38,5.4033,125.4636,40,75,83.15600000000003,5.34
525,san quintin,MX,2022-08-24 15:14:39,30.4833,-115.95,51,68,77.26999999999995,3.82
526,paita,PE,2022-08-24 15:14:40,-5.0892,-81.1144,2,79,66.29000000000002,7.79
527,manga,BF,2022-08-24 15:14:40,11.6636,-1.0731,72,88,74.03000000000004,3.08
528,sao joao da barra,BR,2022-08-24 15:14:40,-21.6403,-41.0511,58,84,69.90800000000002,8.97
529,moose factory,CA,2022-08-24 15:14:41,51.2585,-80.6094,100,66,53.86999999999996,2.06
530,hirara,JP,2022-08-24 15:14:41,24.8,125.2833,40,84,84.74000000000002,4.12
531,tommot,RU,2022-08-24 15:14:42,58.9564,126.2925,100,94,46.77799999999996,1.57
532,diego de almagro,CL,2022-08-24 15:11:28,-26.3667,-70.05,5,28,68.576,2.67
533,dolinsk,RU,2022-08-24 15:14:42,47.35,142.8,21,77,64.47200000000004,4.04
534,olanu,RO,2022-08-24 15:14:43,44.8667,24.3,94,87,67.58599999999997,3.23
535,harper,LR,2022-08-24 15:14:43,4.375,-7.7169,55,79,76.17200000000004,3.83
536,floreffe,BE,2022-08-24 15:14:44,50.4347,4.7585,48,46,75.63200000000002,1.89
537,mandera,KE,2022-08-24 15:14:44,3.9366,41.867,77,65,77.70199999999997,8.49
538,melbu,NO,2022-08-24 15:14:45,68.5044,14.8297,28,87,48.29000000000002,2.06
539,lucapa,AO,2022-08-24 15:14:45,-8.4192,20.7447,6,31,71.40199999999999,1.21
540,kualakapuas,ID,2022-08-24 15:14:46,-3.0091,114.3876,80,95,73.292,1.02
541,batagay-alyta,RU,2022-08-24 15:12:18,67.8006,130.4114,100,90,42.242,2.16
542,lompoc,US,2022-08-24 15:14:46,34.6391,-120.4579,0,71,92.04800000000003,5.14
543,alihe,CN,2022-08-24 15:14:47,50.5667,123.7167,99,93,50.01799999999999,1.54
544,lolua,,,,,,,,
545,sao luis de montes belos,BR,2022-08-24 15:14:48,-16.525,-50.3722,98,28,76.85600000000002,2.19
546,cheyenne,US,2022-08-24 15:14:48,41.14,-104.8203,100,23,81.01400000000004,2.06
547,genhe,CN,2022-08-24 15:14:48,50.7833,121.5167,80,98,44.05999999999998,1.08
548,ucluelet,CA,2022-08-24 15:14:49,48.9329,-125.5528,11,73,76.35199999999998,0.89
549,kawalu,ID,2022-08-24 15:14:49,-7.3817,108.2082,97,96,70.484,1.01
550,san cristobal,VE,2022-08-24 15:14:50,7.7669,-72.225,36,70,81.05000000000001,2.76
551,auki,SB,2022-08-24 15:14:50,-8.7676,160.7034,68,73,81.842,1.83
552,kamenskoye,,,,,,,,
553,albanel,CA,2022-08-24 15:14:51,48.8832,-72.4487,81,72,68.41400000000004,5.66
554,richard toll,,,,,,,,
555,wawa,NG,2022-08-24 15:14:52,9.9022,4.4192,100,86,73.81400000000004,1.31
556,oranjemund,NA,2022-08-24 15:14:52,-28.55,16.4333,99,83,59.522000000000034,6.16
557,petropavl,KZ,2022-08-24 15:14:52,54.8753,69.1628,79,70,61.141999999999996,2.89
558,khandyga,RU,2022-08-24 15:12:17,62.6667,135.6,100,99,46.66999999999996,0.48
559,olafsvik,IS,2022-08-24 15:14:53,64.8945,-23.7142,90,83,49.67599999999999,4.72
560,shelburne,CA,2022-08-24 15:14:54,44.0787,-80.2041,30,59,77.50399999999996,3.81
561,bubaque,GW,2022-08-24 15:14:54,11.2833,-15.8333,100,79,81.17599999999999,7.45
562,chapleau,CA,2022-08-24 15:14:54,47.8405,-83.4034,75,63,64.75999999999999,0
563,barbar,,,,,,,,
564,redondela,ES,2022-08-24 15:14:55,42.2834,-8.6096,75,88,72.85999999999999,5.14
565,semnan,IR,2022-08-24 15:14:56,35.5729,53.3971,0,15,71.708,2.06
566,sechura,PE,2022-08-24 15:14:56,-5.5569,-80.8222,10,61,72.608,8.28
567,maningrida,AU,2022-08-24 15:14:57,-12.0667,134.2667,2,55,64.20199999999997,6.33
568,sohbatpur,PK,2022-08-24 15:14:57,28.5202,68.5434,100,92,79.21400000000003,3.56
569,sibut,CF,2022-08-24 15:14:57,5.718,19.0739,100,97,69.61999999999996,2.12
570,gornopravdinsk,RU,2022-08-24 15:14:58,60.05,69.9,67,96,59.522000000000034,2.26
571,karasjok,NO,2022-08-24 15:14:58,69.4719,25.5112,28,77,48.83000000000004,3.6
572,umm kaddadah,SD,2022-08-24 15:14:59,13.6017,26.6876,76,56,83.76799999999999,6.34
573,amahai,ID,2022-08-24 15:14:59,-3.3333,128.9167,100,91,76.13599999999997,1.68
574,cartagena,CO,2022-08-24 15:12:00,10.3997,-75.5144,20,74,85.892,5.66
